NOMBRE,Age,Academic_Year,Current_GPA,Class_Attendance_Pct,Study_Hours_Daily,Screen_Time_TikTok_Hrs,Screen_Time_Instagram_Hrs,Gaming_Hours_Daily,Sleep_Hours,Sleep_Quality_Score,Caffeine_Intake_Mg,Energy_Drinks_Per_Week,Physical_Activity_Min,Daily_Steps,Junk_Food_Days_Per_Week,In_Person_Social_Hours,Study_Noise_Level,Academic_Burnout_Index
JORGE ALEJANDRO ALVAREZ GOMEZ,21,3,9.69,99,1,2,3,3,6,9,0,0,0,3001,2,6,4,20
MANUELA BRIONES VELA,21,3,9.6,99,0.5,2,1,1,6,7,0,1,30,5560,4,4,2,25
ROSARIO BRIONES VELA,21,3,9.6,99,0.5,2,0.5,2,6,8,0,0,30,4000,3,7,3,30
ANTONIO EMANUEL CHAGOYA CORTES,21,3,9.67,40,0,2,2,12,7,8,0,0,50,3740,1,10,5,0
JAVIER HUMBERTO CISNEROS VELA,27,3,9.41,80,1,2,5,1,5,7,0,2,60,13000,4,8,3,50
JOSE PAULO RAFAEL CURIEL GUTIERREZ,20,3,9.8,99,0.5,0,2,2,8.5,9,0,0,30,6343,3,6,2,0
CHRISTOPHER DE LUNA ALCALA,20,3,9.6,50,0,4,0.5,3,5,5,0,0,30,5994,3,5,2,20
ULISES GUADALUPE ESCAREÑO VEGA,20,4,9.48,80,1.5,1,1,1,8,7,0,0,30,6000,2,5,3,30
OSMAR HERNANDEZ FRAUSTO,21,3,9.87,90,1.5,1,1,3,6.5,7,0,0,60,6000,2,4,3,40
NATALIA MACIAS GARCIA,20,3,9.7,99,0.5,1,1,1,6,7,200,0,60,5000,2,6,2,30
SAUL DE JESUS MACIAS MARTINEZ,22,4,9.2,99,0.5,1,1,0,7,8,0,0,30,5000,3,5,2,30
EMMANUEL MACIAS SILVA,21,3,9.9,99,1.5,0,1,3,7.5,8,95,0,60,6000,5,6,2,10
BRAULIO MARTINEZ MORA,21,3,9.4,85,0.5,2,1.5,0,6,6,300,0,60,7000,4,6,1,15
RUBI NEFTALI MEDINA CHARLES,21,3,9.7,99,1.5,2,0,0,7,8,0,0,60,5000,3,4,3,20
DIEGO ALBERTO PEREZ NAVARRO,22,4,9.3,90,0.5,2.5,1,4,7,9,200,0,0,4000,3,7,3,20
MARIA FERNANDA PEREZ SILVESTRE,23,4,9.5,99,0.5,2,3,0,4,7,350,2,120,10000,1,8,3,50
OSWALDO ROJAS ORTIZ,23,4,9.6,99,0.5,2,0.3,1,4,8,0,0,0,7578,3,6,2,50
DANIEL EMMANUEL SAUCEDO AVILA,24,4,9.6,95,1.5,1,1,0,7,7,300,0,90,5000,2,6,3,40
JESUS EDUARDO VAZQUEZ BARBA,20,4,9.4,100,0.5,0,1,1,6,6,0,0,30,5000,3,4,0,40
DANA LAURA ZUAZO ORTIZ,21,4,9.7,97,0.5,0,1.3,0,6.3,7,75,0,30,13000,7,6,3,50